authority,marketIndex,stakePubkey,ifShares,ifBase,effectiveShares,tokenAmount,tokenAmountUi,preRedistributionTokenAmount,preRedistributionTokenAmountUi,surplusShare,costBasis,lastWithdrawRequestShares,lastWithdrawRequestValue,lastWithdrawRequestTs
HVoDbY5fWufyposQrdpwsV6w8TkSEi2hS6AjAPz4HRDF,22,protocol_owned,17657469576,0,17657469576,39734243052,39734.243052,39656365047,39656.365047,77878005,0,0,0,0
7KKFjTtPqKZcpcXjZLD1zuq82UmTkrwefwTd1g6Umgvo,22,HoAtNEfb4gWdzEazAUKKMnkg1KKNzyzMry3u3fMtUsv7,6799345763,0,6799345763,15163004546,15163.004546,15163004546,15163.004546,0,13758458045,6799345762,15163004544,1751747409
HopeqcqEqvAuuVYZsWZySG8zckjS24aLvdEyF3uMHgXU,22,6uGEzyNjww31jrmHEQagRcSUeQrnYwaaPttDExb8tvuc,4928345102,0,4928345102,11090154293,11090.154293,11068417906,11068.417906,21736387,10000000000,0,0,0
3jDbRjAXoRaaJZCTrr4kBHD3M6TKpufhSfh97SQGELFt,22,7ScmLfibQ8ht8VLERTTYMMqAdyWTbwGm3DdJZwA81pNt,3919154537,0,3919154537,8819193383,8819.193383,8801908015,8801.908015,17285368,7875124105,0,0,0
Q2yu2mkhJPsNNwHT4EeT3zBfWM7ooE4tANLCC5pLBW9,22,779oNqDL6iYNxrQ6ktNqLD4Cn9bE79VFG6KpjJHUME8L,2489128244,0,2489128244,5601234432,5601.234432,5590256172,5590.256172,10978260,5000000000,0,0,0
Hpp5DqoZiQFQsBo7gVd8HqNZDjaE8ch7C7KXAMJkee8c,22,hFUkhiLHfB2gDYDWMonY3MRm5WCR5viQA769k5LFxk6,1027788339,0,1027788339,2312811100,2312.8111,2308278056,2308.278056,4533044,2057007837,0,0,0
GhcvZa19UEDENWCmXHXbb541qQrHyKowoSBVFdBC3wPh,22,EJcj4GdFaDauomjdmhVt64iBHNcnhPmAh7YSHczWb231,498704242,0,498704242,1118320243,1118.320243,1118320243,1118.320243,0,999497902,498704241,1118320241,1765207391
A1jzoXJYiP1Wm7ax2G2Kx7fBh4S8bsg9rsv4vGQLom9U,22,3KQThmNoEhC45nWNPjDoUyPKnpW1gnd5ZEUcswUJKWEX,492639892,0,492639892,1108577483,1108.577483,1106404703,1106.404703,2172780,1000000000,0,0,0
CrD8ZBFfycow2VhxgjUmkMGkBcdDaAgNw2xS7vEX6nGC,22,9AUaZk2i7QUkZhdbEdLtEn1o1rHhwTjV6uCpoWGZKq9g,425829779,0,425829779,958236051,958.236051,956357936,956.357936,1878115,927161658,0,0,0
2AV35oWyAuSN5wmuy26VD5JirjVpXkfkv5ZMCQ2LtpuV,22,EzUQNPmV9cJXnp7S26xvhdBJPw2NWfQ7jJaaxQGLrpEa,262093080,0,262093080,589782702,589.782702,588626745,588.626745,1155957,527569000,0,0,0
HhtcGSE2cfHQnKZQYraLSfgjpbbmBm3srt36w2JNhTk,22,9LUaDgfwGwQBPL1rCxwTcrJPYsKwQLNTfK39mtQ1y8Ze,199548570,0,199548570,449040069,449.040069,448159964,448.159964,880105,404614399,0,0,0
5byVXKVusRX2bGNgeRqpygABCTptJi2HBZt8w1XpkeQi,22,3P2aV4CW8hzX1Z74PcYUwgy8KEZg5qtWvw34zpuCNiKB,194148451,0,194148451,436888292,436.888292,436032004,436.032004,856288,393752231,0,0,0
GBgpkt7uR4JaETnPjkVjJXtnxTq5cQ3be8UDRG4kKGus,22,A55qfREN8MsS3dtbpHw3PTps9aHkvXykf6bRStB3tyn2,161209027,0,161209027,362765379,362.765379,362054370,362.05437,711009,323489263,0,0,0
3UgVZMSsRdh6MKKpmL7hvEateWjJ7UqqFPRQ35qchueJ,22,61XjVmrCU1tWTGZjhp54j5Zdbfi4U2DHd5bfAkULeSZV,158631960,0,158631960,356966257,356.966257,356266614,356.266614,699643,321174186,0,0,0
4dYJpk7YXbH6dAFGiD8dfdieirxpGhWBsFysryeKgDnf,22,HrfjBgrJzmDK97e533ZPHyESusgnDmZQQZDcQQcZtB9z,141662184,0,141662184,318779517,318.779517,318154719,318.154719,624798,305903187,0,0,0
CY9LY5kapf1rTM4rh26MgBi3yGaWFHf3zqNBpXHt7ySc,22,Fpb9KoUDYJy7m76JX7w6ff5RYWGi8vVbL6ZX72W92NF8,63448816,0,63448816,142777573,142.777573,142497734,142.497734,279839,128797632,0,0,0
4EJBgVw5QGsmVA97gtjset4TjnRKeYV7XnQerwXj5YxA,22,Hp3Dk7QPfKL3N736aHmj4EofmHtHVH74E1EdyWkGt8Lw,55458389,0,55458389,112708133,112.708133,112708133,112.708133,0,112565830,55458388,112708131,1731316333
7wCkfWz8TJEmwApvfRAaR92YTkovS5bznSXFbE6yHRio,22,iyA637Z7Pbf1XbXpwubyrEbvp5cxKy3bxXXTsdvW126,50000000,0,50000000,112513978,112.513978,112293454,112.293454,220524,100000000,0,0,0
8p7GwBdbZVSYeYaMWPx2WMFp5biqEhzcH79xsoBJ96MS,22,745GHcHjkT2JkCxRdcyJX9ZTVvo8eMzn4bYFsA3Wv1bL,45971879,0,45971879,102204651,102.204651,102204651,102.204651,0,3,45971878,102204649,1743425795
Doc6PwnGdikSx3bMSMeeXLY8eeosQL14RVHL2e3sA7q6,22,HWCAJkgAnvkDg2vWUQhMwTAXSJKqMbYz91uGf2jp592j,39937937,0,39937937,89871523,89.871523,89695378,89.695378,176145,79999999,0,0,0
CuAg9id4YyVpPQMR81U6eGteK37p1PcKNrXVEWG6WwGG,22,2cCLKaw94pu8asFYujkTxLUc3fDiLuPnPwWU3CQpjd54,36833276,0,36833276,82885167,82.885167,82722715,82.722715,162452,73852273,0,0,0
9R92tzFqX4hSS3WMrQrKnTAr2cgaB6qx197gUcnQxFfn,22,B2ngDyDVQXisDPNcKatZzfWPN17VxKsU3siYqZgHBtha,39721772,0,39721772,79657937,79.657937,79657937,79.657937,0,79657939,39721771,79657935,1724677319
37hX8GQR76UbyqytFtW5JXZshfdScGPBHu8Vt92fAgxu,22,5Ln1C1VbcCYVQaKWaYGRc6q2juhMjvSjewfdU7wZVnts,37562412,0,37562412,75806148,75.806148,75806148,75.806148,0,75199035,37562411,75806146,1728243925
EK3kMx2RzV8rG3z7KLEjK9FgDTrqyKxUjn8DRxGJindo,22,EdE7QsAaDc9thbNA8ZFg6AiMJhURFsjppuAELCETnzYb,33040067,0,33040067,73671483,73.671483,73671483,73.671483,0,66829573,33040066,73671481,1751017653
VaUyVNUq5koebRzm5bBhNHAfN1qzxU32dYbKrAzfe9d,22,9P9qwqKajZhEKhiXGrdkNBYh2HVVgMUEoB1yboiDntrq,24509695,0,24509695,54843481,54.843481,54843481,54.843481,0,49126651,24509694,54843479,1759625627
Amu9XEf26yz3jk5sxciSdDCYnA3hPDf7BDftTcZRhQu5,22,7WzWoKJkmXe3W7LZJoXL6oTv8FwwN7NVWyS7brtmJkmW,19876518,0,19876518,44727722,44.727722,44640057,44.640057,87665,39803005,0,0,0
8c8ZztW6Gi2Qx3V4pLgArPei8qUtZRJhKwijyKB3rTSt,22,F6XjuXgQmFaENfscUjf4BmphvvDCM8P9R7k39FboPTQf,18982860,0,18982860,42716741,42.716741,42633018,42.633018,83723,38000000,0,0,0
4trKw9NXgMJC47WzoSs6Z9dQ1VVqoWGLrosdk1pJNuuD,22,98924nfFPzf5SgwRVfnTtH6RPBeYzP7BTWzXpA8ggvvK,16777688,0,16777688,37754487,37.754487,37680490,37.68049,73997,33629539,0,0,0
D6xNCQ69rZwq4CusKqCGxJY94AYhb4fpkYvoh2muMwSY,22,Bu54BzvgMDdrxcXmRXDDsLmwvFLFT51bVN5GddVbaepR,15231665,0,15231665,34275504,34.275504,34208325,34.208325,67179,32393166,0,0,0
4fENRafCoyw42dXn6ujZ72FRHXtZZkxxPCgvZJwY4Ytr,22,7Ph71eAtanDyFvWvSxjbFo6kATV6FfzE36HSv568FCsX,5178457,0,5178457,11652975,11.652975,11630136,11.630136,22839,10365965,0,0,0
7Gf3RAzMCp11fKjZEdLGQ3AVNanin7WsXJ8TP6A3Yckz,22,3dUbjvEPwS6QdvNepVDkAUxENe4v9ght48KAMChdtw5r,4987096,0,4987096,11222359,11.222359,11200364,11.200364,21995,10000000,0,0,0
Egog5zjWrGk2BT875eAueEe2pHD61FKV5TVmgfvMfuFY,22,FgrDePRjBXa6EhXaGcsb4mt6yMpwmmnhT4hD1dd84UxB,4971140,0,4971140,11186454,11.186454,11164529,11.164529,21925,9985393,0,0,0
4x265MucK9vJaGE7g1RWBmNsZSZU5HuSSkDQaXwPNCa6,22,2vMR6x3pQXFDkwmvbfnfGo4ypsYLnhXp53zJmwX9nVQV,4936567,0,4936567,9920890,9.92089,9920890,9.92089,0,9915630,4936566,9920888,1725591234
9E5uwGf8vYqrkTyaA7r6NxXjNZena4RHB7MPq6MQuBgi,22,ChsJaLDpAjXkaWK59pRqc5iShAxxTdaTvsir1SEJc66o,2487615,0,2487615,5003290,5.00329,5003290,5.00329,0,5000000,2487614,5003288,1726533645
3wQ9StmK5LyvHVYCP2qQsNydJNi9RtwTQRxLP823ch7w,22,AYnYEr9XhcPRzBMAi41wMouRD5LLsKAoYhjq3wYHp4AF,925604,0,925604,2082867,2.082867,2078785,2.078785,4082,1870495,0,0,0
36vxiwEVpHRsPUiKW4twBdPy5g6KDuLyVF7UHGMWrmit,22,E23zwBCUXoDsiPTfHfkduaAaic3dH25WP456zp2dcjn1,591347,0,591347,1330695,1.330695,1328087,1.328087,2608,1200000,0,0,1730562684
9By9rUZtUKCMZMwnrN6961tzzf5VEpJMfCgERjjFpgSb,22,9X1dBardA7ShWm3n7fvDDFZtN23XGk9TgX5NcRkpj1QY,230147,0,230147,517895,0.517895,516880,0.51688,1015,499156,0,0,0
3KRgr9VpT7rvUFQoNBwR9CumHFvvq3ioqiuEqwEbbhKw,22,2cf4923jp6YLkuap3rRnSPfypoENoujWpzQKLij6bK8F,98540,0,98540,221741,0.221741,221307,0.221307,434,200000,0,0,1730734759
5gkGmgccAcDtPyFZ2BrQQdzJiCjoRELCvkZebPPbTF3S,22,7A9F14xgpjb7tvmqJin3Pr4EGmkexfRbeSWGeSwAykff,45234,0,45234,101788,0.101788,101589,0.101589,199,93135,0,0,0
D1EUjQuAVhqi4UoKY7f3VeJgeLhqY8CwDnGKn2cZVXz7,22,Dia1FCZraVNPFbq4bj2f5Yd4P1wfkYLAfKNG8YzXTgvW,1165,0,1165,2621,0.002621,2616,0.002616,5,-1734441,0,0,1727512002
384CRQ6Jc1NCxUsdxzQZPjziJX8pgd4i2a9e8Ty8FVPT,22,5zAQXqahYXa2y6xi4hAV3kjMF1P8cpncadWvtbtMQbPG,17,0,17,38,0.000038,38,0.000038,0,-25920,0,0,1727447718
146mon3QfAT914HjNDpmi4YX23kFhscVoPC7Mz3kcTMA,22,E5MLnxD2ZPoCRtF7A2ex1FEh5dYaJyq7tJYefz4ZfMD3,1,0,1,2,0.000002,2,0.000002,0,-251941,0,0,1732072504
149QLwYUNYf3ohUyhF2vfmSDUiJeBxSNe8dyfiRN8Z3S,22,44CajCqeP7tYetydWxnLWH4pswsSj7obP5b3YjEp3m9f,1,0,1,2,0.000002,2,0.000002,0,-21596953,0,0,1727500784
24p2JMfRYPtuuHH1eq2gG1tNgV74rBNP1Qf7kGeR48K3,22,5U3ZGsKovmoJcXCVaFT5PvfcGZUfgTTtv8KmkUKgyChL,1,0,1,2,0.000002,2,0.000002,0,-1320734,0,0,1727557238
2cdN3BF9jnpiJiDcmPY6pFRPcwHKJRuPbwL1qmG1bb4A,22,2JtLFjeXLG2Njq7jF1S4dtBgS735kkTGwosxGuy7denf,1,0,1,2,0.000002,2,0.000002,0,-5858924,0,0,1727669364
2cYCDjCJyg3WtToruwb7jMVCnLVfe52yhN1a6SNLcG3i,22,C9T1ew1bbCKPfkyaFAKYftjEjqeuCe66HyBfrXzvT4m4,1,0,1,2,0.000002,2,0.000002,0,-161695637,0,0,1737823765
2geyVzBSvD6UVpGtGsH8sSwu7WEuiMun9LU3Yj8Xztsu,22,2otcD3kyKC2tsKvXwSq5xqCRubsjzPZprDSQrz56Qwcf,1,0,1,2,0.000002,2,0.000002,0,-2509296,0,0,1732527232
2GnZAYiv9eLVUQhbDuskZnmG7q1DkXZRW4dYmMkpEzBZ,22,EKubqePuQC267uTnyUMsqju9uYE7gHr1o8UniMt3wU71,1,0,1,2,0.000002,2,0.000002,0,3,0,0,1724725964
2H39wHWvC9ZtkjCQ4v8WfDK9RFajVjD9LZQD22gEAWar,22,3T63KJsWtusXyWoKvzBT3jNiaV59rLMsGfpHZLDDUKEr,1,0,1,2,0.000002,2,0.000002,0,-107599552,0,0,1735511345
2hXoePeBhenDbFxHYvk36Uqvz2av8u53p5PXnQmxhuLW,22,BjE4JYdjetU4A5RFA56fzYz7PavaqZkMmE1CNnkc2fET,1,0,1,2,0.000002,2,0.000002,0,-4527060,0,0,1741609169
2JHejVALF2Zv8smtRXfodtYbHEBdqTt6WXsGtuz6gE2y,22,4xHXmnZTjWP4LyeXbEN4xp1S4FY23fEUaZwPDivNRLAK,1,0,1,2,0.000002,2,0.000002,0,-6684780,0,0,1745340578
2m8Dn5owNP7LF8pEdsxdchFdbWQmkzh7UfQosjdvJ6dC,22,4pX4apzV4rrA7NmgGjh3R9ThD9eiHqbjfMff4SQe3j96,1,0,1,2,0.000002,2,0.000002,0,-6589138,0,0,1726572487
2P5tkJVpceLPdnejvc5DBGd4RxkmtouYfNkb9KKPsPxW,22,6VXbPhz71d7391wC3JkZ7xZUX2FJX9pknzDUmwMTcNUs,1,0,1,2,0.000002,2,0.000002,0,-12191936,0,0,1731987307
2QsWomv3ZEJY66EGjDY2uHi9D1pGQa8LkwkfocRxwpuP,22,51QuLqBy2jP7L6EAJUZfxQnXkRNMr3ciaJPqhq3RVJ5,1,0,1,2,0.000002,2,0.000002,0,3,0,0,1725229048
2QwCqN2tFKHTdHek1hY6D33Tik1dGnH1FoH4UqpxdNuE,22,ELby6HGUpv7ocFQiswXLKG3ZeAXc9hSx8ioxoHzCcMpz,1,0,1,2,0.000002,2,0.000002,0,-3720429,0,0,1738062704
2urPgrX1EheTHmE53rChpc4UeZvxKLM7B8rPy1njDBjq,22,8ocS3vHv1fk5V3j6W7hVKvkPE6HATWwEzGvrrudzCt5W,1,0,1,2,0.000002,2,0.000002,0,-98851293,0,0,1735880007
2wVfNoAQ1jZ6827Mr1mHxMFUBNDuKWn29LWMNqoBUq3n,22,GyxJ8DrKmmGb5HR1xJdT3BWBZmmGq1rgtvVGTeSUydp,1,0,1,2,0.000002,2,0.000002,0,-1804199,0,0,1727027302
2xHvy2ip9dMMmw2QXMoEU8LmQxhntGFbnAzfMjXR3PGY,22,5LNvAzAhvKw5X4n3Xyv6SbHD5wEWS6Z53mbfQRc6jru7,1,0,1,2,0.000002,2,0.000002,0,-2825159,0,0,1727711086
2y2hU6Po8iRzTiKm341ZhmkF1xAptTqctB7EAYjc1m3S,22,DW2og5kmxPvWgTh7cuLZRhbpo5pZXbLk536KMnVj1Jum,1,0,1,2,0.000002,2,0.000002,0,-70354,0,0,1731510984
2YkTbk9ceqeQeNLhudstKLTkCYoMGuPDbXpkoLde3KRs,22,BZpJd5LyYwsEZyaHcEHzdy4omssooV3fGGgqxwPB7y9C,1,0,1,2,0.000002,2,0.000002,0,-2948835,0,0,1725371191
31dhwHQLkxkmL6rbyCXnqHtTUM6taHCVewRHP88iQtqN,22,7cv21XMrsn4n9RiccuytSMMqYEoe3bAgj9d1sQvorJzL,1,0,1,2,0.000002,2,0.000002,0,-28142338,0,0,1742125404
3cSCu1bfWE1Eb6QHZD4X78qwue5pgVot58KJGoED6H3T,22,4NmLxcM8VcKSVsarLj2eKjP2E9mrAr87wwassdSpvubb,1,0,1,2,0.000002,2,0.000002,0,-3135881,0,0,1732273770
3gthc3EgHxfLf9LVeNro5eRYULUJV35kVaCY3U7vFPQV,22,FNQs9jvsUWCeTB9kvUeSErcuyg4MTVtFaD7BycjBhuqU,1,0,1,2,0.000002,2,0.000002,0,-4169682,0,0,1772769485
3orZntoLz5ir1CaSksCTiMAx7FzcGwJGvNVR5niFZdjt,22,Gh48c4WcD48Xe2em7ixdYyXG8ttdhTrvkDx2N2LD2bJq,1,0,1,2,0.000002,2,0.000002,0,-141691,0,0,1732334515
3pPEbDm1mJ7D4V8qk9dEwpPFnyFyxKWcvb2c9m2fz7p5,22,EH3SM1sNo8ttPPrM54h2ttMwJee629q4NxmryEKmxWHz,1,0,1,2,0.000002,2,0.000002,0,-917314,0,0,1725958763
3Qp4vCAzG7dGEcCprXFrJDrpCD3ditEsxPsHTfCMB9z9,22,4EneHARQeje9jFrt5XUvwBgW4ptPHwsymvhJCefSQbiP,1,0,1,2,0.000002,2,0.000002,0,-1402,0,0,1725003754
3qSRoLm6GKx61n2J82SCFGVUu6QrXR3h39xK6B8GFdDL,22,6sNgVckUvVnWuXZ8CHEobFQoHEouXKo5dkZHe1PN4Y67,1,0,1,2,0.000002,2,0.000002,0,-19766052,0,0,1726388461
3tTZmkNxZ6UtUGZ2CnYrHdoDt4qA1uw8d8kBpm3QnMhv,22,ED5JLMqoQiWPWuZNnN9fGaPqs73EwQwtwwrAEbtQ2hv8,1,0,1,2,0.000002,2,0.000002,0,-11824379,0,0,1752760824
3UZURzJMxS3Cu91DeJ2q1B6gWLjtwoQMmTsWhbJxM4hN,22,4VSHpTm2vFmLAnN6eGEEbc9bsZEMFA7NEXX8jvjkfqSg,1,0,1,2,0.000002,2,0.000002,0,-669906553,0,0,1732646820
3V3HyyBUSP3pkvn1iedVKsxRqBdMkYcgJtcxXdQpDBM3,22,DxoT6TtoJteaQ1cvLFoAZAoxsMvfPEubA2qpJk4DSHS7,1,0,1,2,0.000002,2,0.000002,0,-11174860,0,0,1759065975
3yLSzrA38vF5hb6KkR6465cw8cvgnR9eNAFhHW3tPgyx,22,HVGYCGCbFAmwS6rWJZzbhwrAjmNPoSjbpdsvMHwaWGBw,1,0,1,2,0.000002,2,0.000002,0,-2566188,0,0,1726129269
4AAJCgz1y3poUyaKxJv8cnsFqSu42WJ2gCYMrrKHFaiQ,22,9ULmGZqPY8bYyuNPqrRn7Wwg7GDBjZWiZFWfLmPfobfm,1,0,1,2,0.000002,2,0.000002,0,-4623510,0,0,1727470862
4DDsWuhZZUCkLB7ZZLHvKzje8sH4m8Cs5KwS2AJbFuUn,22,HoQEByAA97Mqr5596JCdRL2pkVwjXCRqLjTn9SHdWHFz,1,0,1,2,0.000002,2,0.000002,0,-10653245,0,0,1750106400
4fSB53jCZeM5ku2UNDM7ekyeJ5TrFNmyjhmDyemjZ9c4,22,AqpKHoJyE676pGi66vHc7As75FYr9dA1xkVUBYH6ctDU,1,0,1,2,0.000002,2,0.000002,0,-1137846,0,0,1739482638
4Qdy53DfKVqCwNroCvYNDMz1Ko7cr36PMSHzjvMfXg71,22,A8ByngxwkWGZcW1EcZshdNjLpzNSBYj8GecPcamgzv8u,1,0,1,2,0.000002,2,0.000002,0,-211753,0,0,1732457859
4R894jVNCpgg6R7z6LqdNGDqJbJLMsEVbNQWDtX1YLKF,22,EY1on3GoirX9RUsfqn47uQ49bNiWTCjvpLXpie16ZQUo,1,0,1,2,0.000002,2,0.000002,0,-6611982,0,0,1730862361
4sPRBWcBYxbyKvGCCBR4fVFkN7w6YoGWEfF8gFUN9CWc,22,BKfXN4PHJozhJxV59Ar8myFj7fdcfh6iUcy82EaQwna7,1,0,1,2,0.000002,2,0.000002,0,-112734055,0,0,1752047565
4WDgRnuYRGNpBzv5dxgV1DAr4no9YG9qc2BsKdQTVLQz,22,CsJFdo9tAyc2oiNTRxTYQAC33hWQYTp7PZZDhqrUrbeT,1,0,1,2,0.000002,2,0.000002,0,-4552785,0,0,1759258663
4xwTrcg9YPCbv9rrycEibuKxNxh33hdVNi5T3xXvWVaD,22,AaRSb9RAcoubh7C8u9G55NSH687Fpmzmf47PXvaKXosB,1,0,1,2,0.000002,2,0.000002,0,-379718972,0,0,1739185009
4Yv8YwUmgL56uufgmLZPoj3ZnZeKEz4do2NDuNeNQ2PK,22,GNgqRPVh5uXE8F9ExK1Ne1L5akZHg7ACow8NLpTzeWQs,1,0,1,2,0.000002,2,0.000002,0,-710381,0,0,1733583252
4zt1T6FaYrr4bjqoEEmZWXgvx6WtvMXNpW5XASZk2GQ2,22,CvwvyBPzZ8EY9BPdJ1ZsHqsMD9nj6u1Rf22myXpzEUxd,1,0,1,2,0.000002,2,0.000002,0,-446503152,0,0,1760186996
51CJ9WVRPXsGAR5cDKpuJ5nCdNH3MkUb7DYSr3C8Mpzs,22,8gZXjMwKkZm8PJNqoSgkhQGFfhBYnScRNDi2eyt5ZYX,1,0,1,2,0.000002,2,0.000002,0,-1648841,0,0,1749055416
51SapgPx5xPMSxXxKFagDNjbpiLsDDSxoujHHCVMEdTt,22,83KPy3hCp7e2xZyKVPDLSw5Q6Jxp5wyJAmeS2hhUwnAw,1,0,1,2,0.000002,2,0.000002,0,-24202618,0,0,1730535080
5ByQuSeddg4Ug18JW7yKEVtQkSF4qNunEAjyRXbVNhAD,22,Hd1pmg7znekqXmqxyXMGu26aAwKRUorcx6cD2mcbdxhB,1,0,1,2,0.000002,2,0.000002,0,-4969737,0,0,1739930079
5fMKXrLhekAaULQRsbYQQKW1XTaNGPR2Ksj8xhduLgiC,22,HNZySEbnX2P7UU5g2f7zVmye2KsceYoKGF7sCrMPykVy,1,0,1,2,0.000002,2,0.000002,0,-163650,0,0,1753017118
5GGtT8BUwLNitZnwQ1nXUZmkJS73FSgsWnMJDxEvJa3P,22,7vvxqPT3CzPssJ6x2fVbbeaZaN2YNN7ZMyMHzCTjpo2U,1,0,1,2,0.000002,2,0.000002,0,-33424327,0,0,1738218235
5Kyjexx5L22ZhcBcorykUofzNX56batXPs1EwHtJV8f6,22,CYhnRrhEW43Y4qByQC9BFdkPvJyhmksW6x7SFJVdAefo,1,0,1,2,0.000002,2,0.000002,0,-813298008,0,0,1743420749
5QFUCccMvCFzLoRHyGW4pw6J7Tn3RtXP3baBUsfmvypk,22,41UTWxwo2eMKtcsKm4UYe4P9v6RCMyjkRusfBpHjrp4j,1,0,1,2,0.000002,2,0.000002,0,-7156536,0,0,1732175401
6aib5ApfNG2VnV6xvixAFhccBUZq4rb8KXECY9jzV8Lp,22,CdJyrfUxpqoCP2eTFspAA2UU7TC7bCpdUpSoKQ1jJait,1,0,1,2,0.000002,2,0.000002,0,-848364,0,0,1725807005
6cqkCfKZgugqurMS9HP9ZUziJnSJDAPn1Hb9n7cro3Bw,22,91swd31WnbPiML58FW3x6wtgseryVRQGpbJ9EmkU5F3i,1,0,1,2,0.000002,2,0.000002,0,-142712,0,0,1732783279
6iF94gQU3uYTzdZseRuzaV2A6Cx8kGpNxozZdd45LpgS,22,3Ki8X4Kq6S1REw4hobeoE4Nozqp57yLpn2uPCoJWWnA8,1,0,1,2,0.000002,2,0.000002,0,-5566831,0,0,1724698318
6JDHQV8J4QuQj9WbM1YYP5T7pMe4QFcmKfPMHL3HUJ3,22,A42RJp6Srg8gFyNViVxN2sE7gcTDMh4idsXExK5b1vtC,1,0,1,2,0.000002,2,0.000002,0,-2210037,0,0,1738319504
6nQHryMorjasJVv1iCWLwNSEABufhwRMjvjH34CQWppz,22,sAxw1NwTP1wVte7ymPgR2SjT8urShukndWCkzeCyLVv,1,0,1,2,0.000002,2,0.000002,0,-14916246,0,0,1727275134
6q74fVuVpWkwetedC63v9vzrqA1TBtT93Lab8c2FBbuS,22,B5HPfWegb4KQegeQS2LKEQYpP2zqotQrSuNpjKBsTNL5,1,0,1,2,0.000002,2,0.000002,0,-592299,0,0,1728590394
6SGMUVZF3Q6YLBVSCWSe89qUMC5jrryd2EuAxuzVYvMo,22,EhARL5UuDEJK4Vbg6iTs4shP7MswZaJSLwYUhS1JcCzt,1,0,1,2,0.000002,2,0.000002,0,-508431,0,0,1726544854
6tMJUZgAArCsKvJXpMkf3cupyjyeWfu8khmQ1AE7fDgp,22,7zXf7i45EWe27APFrJZrhbF9NvdTq2veGD9iuorRHcxr,1,0,1,2,0.000002,2,0.000002,0,-4041674,0,0,1731036065
6xF6tPHCTevALcEfbQbmKLHDDLJ7bjG64Ci4VKVaHAy9,22,AaMtBHX3GVk57ae9iRNmczPfh9g37urvvDTEmTGQuB2f,1,0,1,2,0.000002,2,0.000002,0,5,0,0,1731592501
6YtPZeK4goTKPyfFdfXAxn7t3GPZADyb1ZwH167ZiVuQ,22,dBbWarHMLypfBv2PYieD1XRXfrw9t6spYuw1A4Jpwec,1,0,1,2,0.000002,2,0.000002,0,-4614610,0,0,1727680928
6z7MFBJSmkjbPNrzMYFkKHWZb1VXCDKagQ2CKNZoaani,22,8wNiosKmD5TGYzs7SjYimumDSgW8juDVgFaSwWZPof48,1,0,1,2,0.000002,2,0.000002,0,-13035044,0,0,1741647475
6ZFM1cpRMKQhrehZ8Yt1uGG6vyf3NkVqj7NyNXPGbgDR,22,B7qFoibsoo6KnEFGrDG3GvUmBEEdKPeTrDcpLLdjtw35,1,0,1,2,0.000002,2,0.000002,0,-95638799,0,0,1754574380
6zqh73fLtfX5Ac5h5nejPMHDBDBfbrCthT864uYnWDji,22,EcGoyRGp8egZLCnLyyKCLz2yqw3XyiJTYzHtfhLnsoHL,1,0,1,2,0.000002,2,0.000002,0,4,0,0,1726821818
79AkFMdRHhQ6uWokqKD3UgMEfPTqrmC8vdcqqDqYAYkX,22,56zSKsZKAygQvusSehCWwjBqm6u6MPRnAaRi3Q4wzLvy,1,0,1,2,0.000002,2,0.000002,0,-12548703,0,0,1727091004
7A9sz1M8gi6SYygVYSFA31imGPWRf8gdhx7LMxHG2b3y,22,JrJ1jVm5snVkv2i5zvSdbgCMQ7wodRWFK8kDE46duN8,1,0,1,2,0.000002,2,0.000002,0,-2146155,0,0,1749768932
7aAU4dyQfYjZMP8EcAktrftBPSxVMdRnHAKnqcgfk482,22,DvUJ429oS4Rni3hzUrcs7zNwethZJgY6KiN2U2ttXYya,1,0,1,2,0.000002,2,0.000002,0,-5884207,0,0,1739676210
7GENfjSqwTsvtehSCAx1j9ozUVgpj1vCCMiPyQ81JptT,22,BdmBx71ZD1gVG8YHZ9KAzLoQMARhgnfyknCg2PozNm6D,1,0,1,2,0.000002,2,0.000002,0,-24880471,0,0,1735666038
7GxhubPyDZx8mk9zy7qJ6yzpWZSUfchzaTLfxmk41kM8,22,6qaTLCCp7heDvcqYnqr1jn2TFTLdxtPweK4sQyUwGJZh,1,0,1,2,0.000002,2,0.000002,0,-225771,0,0,1724944304
7KtyUMiu8EQH5u6dStanguLg14FqUtMjQKVd5wkWntys,22,J3CfWmWZHboEeL2vnaqpRz5eQsDLAS9cKvmcDi3JNFbP,1,0,1,2,0.000002,2,0.000002,0,-1748829,0,0,1724935779
7Mb1JnZ3efgVXbzMsLWZQkJFaTvEq1DApm89aszPmANG,22,kV4WpGQ5a8KTjSPUMTXoVWadJRLNqovd5fKPN1MHvvA,1,0,1,2,0.000002,2,0.000002,0,-2518797,0,0,1741529816
7oDUPuBtaxF3gP8aJBJeZRQXRxG32avWcdK88Wkt25fF,22,BFFRghNVx87yBjf7oK9rmzDxjX9kxkKvrnxMxe4Mgs1q,1,0,1,2,0.000002,2,0.000002,0,-28455931,0,0,1741630121
7VC8ckqCfpFfDzSAEPPdynYU8kTRQDNX2RzPZEM7gEfT,22,J6H3n8zCoUgSmFMQjtavwovGADv2RUq3dXyJEkHyZoEf,1,0,1,2,0.000002,2,0.000002,0,-3274281,0,0,1726644700
7WA7rCGrmWDkJiE7gp8aa3y4eWJpvSNF3hUAjXzaKobN,22,GMB2WSx8jyURuh5W2oeLZj1BCq2GZND7hmXGniCH4ELd,1,0,1,2,0.000002,2,0.000002,0,-12397,0,0,1726180286
85aQEFVKgeeunkFaSYyzWjXkT4wZvLn5tsURu3U2f5Ne,22,GKpdTeNhsZe5iE7AHru9Uv3xat1mZZq3tiyWu7DRiByf,1,0,1,2,0.000002,2,0.000002,0,-737148837,0,0,1743425890
86UY15NyUupABq48n4duBPu2FEvywLsAaT1F54mCm7ms,22,8pex86iHFSZzTH9bWUBQdBnTufyC3ZhQGeRSA9tcP4Tw,1,0,1,2,0.000002,2,0.000002,0,-10011952,0,0,1741980953
876L5dwhvp1kSdT9QG1pYz6dnmzDM8mZ9NqB3vFfogDN,22,8cvzbsN5JQXCampqPXNAAXKkdXQTVYZ8T4gY7TmYSg6j,1,0,1,2,0.000002,2,0.000002,0,-23788566,0,0,1727420619
8af592dvY39KcfUeqSfd9VYoNsipSasGZXcViUreGtU,22,2FN3opK6Fsa1erefVATy13xSrFteybV4y12oAmWhQuN5,1,0,1,2,0.000002,2,0.000002,0,-79186,0,0,1724895805
8DV8bKFpSRYVdvLjd5QGiupMH1eLmGKsARhmoekABVPp,22,qGNzgicZTnYszfLb7qds9gxSzhFckqkGBpSma14HjVQ,1,0,1,2,0.000002,2,0.000002,0,-922956,0,0,1735648278
8tTVfjvxHj5UcKHV5QC1KzD3g5Q4L5y8qo2VSzktCit6,22,C4ikdHteBRYVye2rmpBGx2hWX1eXFJaeaDVvhS9KnWpT,1,0,1,2,0.000002,2,0.000002,0,-137527273,0,0,1735900323
8u8hQdLejXvrrKXtQNyLTq4VmfET3LoJEeMWqJ7sQEGv,22,4Pncs7ES2ec3ZWgRCHXhk5bYWENJEZ9Pkv3gZUgTyrjz,1,0,1,2,0.000002,2,0.000002,0,-409727,0,0,1732400866
8WbhsZ5SCznADLnadBSttUCqE2JpHdks9FHDjePUEHw,22,A7JrNAvHY2hJWj5Qg6MaKvcrh2TaYsr5aYeHtcAbq5gm,1,0,1,2,0.000002,2,0.000002,0,-46766017,0,0,1731994925
95zwX8Y6LFByC5zTD6dyiZNbrwG7Rgv4TmY6WDup3ju3,22,fYLh3kWkuzEiV1NTXApYAUxhyZuQpCWT7cR6qwFLBRY,1,0,1,2,0.000002,2,0.000002,0,-3185653,0,0,1727306818
976oSoU7oqipS5nLKgKMoZWLat1XiVejDoe7UjmyZkXu,22,4LDvuTYxQMtsDksNodyRtqaD5c9abDBPTTKJQXjvMGBT,1,0,1,2,0.000002,2,0.000002,0,-229985,0,0,1727733376
9BvGpvoDxkUJhsYHeYYjqwznXayad4tiapzYjQz1fgrG,22,LhcmZmkRcdJFqzdcYrDdKzNrHETnK9UgjPnJjPSCLJi,1,0,1,2,0.000002,2,0.000002,0,-10746992,0,0,1734632197
9kKv5zDmTr1g4BEFTF2tuKXMr56V9NFKJW81KEgUf5mD,22,7oo2ccJT1io2iwJUW6ydpje2Tpo3FtvKNS4fZmHUjPmB,1,0,1,2,0.000002,2,0.000002,0,-18456935,0,0,1732530044
9KXjcCAZKgaU9ReD1oCDnWgLpe6PwU3mxmRhF9HR7u1c,22,8mTPfpBviJGwSpX8efk8T7wE5JbPJAafRuLmjazhntKc,1,0,1,2,0.000002,2,0.000002,0,-31842492,0,0,1742113564
9NHtWtkcve8UgSnyKRKyDsQ9zMVkuqZNKoNHz4CcDCYs,22,2VzWKqfxSW54LLDqdevnWEFLN8M48YRiwuziiTkPfskp,1,0,1,2,0.000002,2,0.000002,0,-2006598,0,0,1728047167
9nUekBFEcm5xxoMaSD72ypbHXdoBf9zhwLm1yjfva1AB,22,F6w7mmdieQkg1rYqQtWMXFJgvKta2WqNwbB4uhd5LeiE,1,0,1,2,0.000002,2,0.000002,0,-112588,0,0,1724641425
9pdm71tnBsUHCPk65qAtnfsbQMsArfDZeUYFdvrNNd4k,22,CrgUtTCwgrMxZsw9W6h7mcAcGwWXXbN1KGGp6buxHh7c,1,0,1,2,0.000002,2,0.000002,0,-224647444,0,0,1741073298
9QJR9SP1jYyRU6ePfNJ7q78AvjsTKZGi9p6Ywm2qHFQv,22,3MDgPa2TRZpTrQqeRt8gnSGc6L5YnDDdQD6H5jpsmwXJ,1,0,1,2,0.000002,2,0.000002,0,-741053,0,0,1728155908
9qorbHt5jBxrN9316UycA7HKv92Ws39psNzwMJtXDYKS,22,E3UMWcMqzXRsB1VdgcKoimAmjpXtQx61cnzjxu4idtcu,1,0,1,2,0.000002,2,0.000002,0,-1525,0,0,1727577659
9sAVQsBjM4LYanrZUKa94xPKkYjJWLM5nBJgP72PkQxg,22,EUG7JDjy1sMZChjCubr5zPMxUfdiAbLPwv7NkqEbHU27,1,0,1,2,0.000002,2,0.000002,0,-347057646,0,0,1738925768
9uYvq3SJCfCgwLRHC9uKVUdhhfb7Vf9JHb2449TobAc1,22,EtVUmg9mCpmKeigHtvwvR79ej4YawhNRZdyz1dMvgjVt,1,0,1,2,0.000002,2,0.000002,0,-4127040,0,0,1728805546
A836keGEiAgSi4xPRSdVNsSNYY6ycfpcvyek15b4iuPW,22,4sw84RDkCzzaJqytEwEucxy7b5dPNw5DYARnX7uBgZWw,1,0,1,2,0.000002,2,0.000002,0,-3752249,0,0,1740189001
A9Wvg7y1YUTsWNiVKfzBKUDGxEXmkfpnRYAFu4cthmSt,22,AsjeiAtCypfRzkGndRynBuKcZtKuwzCNyqWZJBj9vR4y,1,0,1,2,0.000002,2,0.000002,0,-6540,0,0,1725347195
ABeMAwR4qTPV2Deczu4QfmNxhCcpqAyjQbT9DK67hGyD,22,3L8ztxPpoAbUKJ7gVYWahDmRXNrfGQnxisrZsBBJ8tg1,1,0,1,2,0.000002,2,0.000002,0,-608983,0,0,1727650674
AifAT6xg46py5bjERHHGGixvfUmVMcCWuCMF4HsLtMa8,22,9kBH5bWkicz3WnJkPSpYAzX4tQVvQ47cAQ7WyK194J8J,1,0,1,2,0.000002,2,0.000002,0,-18678030,0,0,1751816445
AmTqrb2VaUYHUyTqHA6hVFoeWgfQSoSkAxTn76eL1eKA,22,B22FeJD6oFH5FM1gVryNkmmwMvQbV3qqMwEeUXxxFCDY,1,0,1,2,0.000002,2,0.000002,0,-258654,0,0,1727790845
Apf4r9e95Wv8BebyFbwtPcVrcKAEW7rsMyzR8uDDs1gN,22,2QbqqRV3SFHYVDEXeARUeBrJejPzYxSsp5Hmc5DRm5hm,1,0,1,2,0.000002,2,0.000002,0,-8858707,0,0,1728048987
APw8ifFZZZ1U8UkXMVEbeW8DGBnYyhSDwoKiMy2bvxgS,22,GqqmcJUdPmLYnY7SWVLVFNmrqdtAc9YFnqwiVEmrgRJM,1,0,1,2,0.000002,2,0.000002,0,-583617,0,0,1742958671
ArvHgaS4qe2SVkuvTCZwwTNabRVmU1BCw4evx9YM4wyz,22,8tXb4pSVVEptDLbmfsG1fu5sG2SWFCuXRHhbsEWdi63Y,1,0,1,2,0.000002,2,0.000002,0,-1017684,0,0,1738753193
AUECYvjLKtHJsHrJWUXcyRbs6EXFhi5QNRjD6MpsmH5t,22,B2fi8xytYzEozLjySYc4BQrvZSkkPbY9KLojz9G7de2G,1,0,1,2,0.000002,2,0.000002,0,-218157166,0,0,1733289403
AYwzVB1ac1TdzEu2bPSdUdYyZdMQsZ1YWsTfjpdUJPgp,22,7vsdVACvrgkmjQbxJuEHX2wDYqXntXKhcnk7Xt2mGWbX,1,0,1,2,0.000002,2,0.000002,0,-19187111,0,0,1733332633
AZaoDxmVnUEstwjP3zStrCxX4VFZVZQt5U5o1vyDhvTg,22,ESWquCiRFq3myGoFBTnto4o8yrCpqGMkH9csiy5qGVVS,1,0,1,2,0.000002,2,0.000002,0,-444147,0,0,1730852474
B9nzKTTjdkHRsMsxkviFLsVyRwTfxHWVhMXC75GKNDp1,22,GD495RYBdQUs7HYyzwG1NPNrtRPPVFH4TqZdAqZa9As5,1,0,1,2,0.000002,2,0.000002,0,-17469177,0,0,1735788993
BFhfBxpwnsPHhRMjFmHeWUjcSL2Ay4QtEzssrvVMdvcH,22,DwFpZJ48A9bhFF1cpFWWwBfjQ4EJc8p6GLNTdAZePnbE,1,0,1,2,0.000002,2,0.000002,0,-24000886,0,0,1727717717
BjFZvK2aJW5QidowuGhXPofYmymR9sD4c7xqket7L98N,22,G24Kp6571x1xUPNWzVUZzBtxcNcJWqunNKMuzQxRNZTn,1,0,1,2,0.000002,2,0.000002,0,-10511787,0,0,1770314096
BMTu9A1bxrzCSmd8omZeCSPXoF5Yof9hmjhMyQukVhHR,22,D1XbRK8Go4XrGREqpk5TaJfy98aoyBmYcbfpW98MBcMo,1,0,1,2,0.000002,2,0.000002,0,-461773859,0,0,1735949331
BnXwMqZbKPqiXujYUwtm1qyFHgywqhV2QSsMu5K4oDUw,22,FXswbZUkMe29HW2U24sZLgACQLFmxBygrU5RKAEeTHv9,1,0,1,2,0.000002,2,0.000002,0,-905410886,0,0,1739176511
BoubgPJhHJBn7FiVVUe2G52wESf2V5wWLyYHCtQBA3Wx,22,1USNFFvTVvLyCi2ThB2NyWmG5wPzYfACyQS1HxVTxZy,1,0,1,2,0.000002,2,0.000002,0,-94898,0,0,1725319615
BR6UxAnvuedgk3Prz3XZvQ3HYFNM9cgLSpqUgX5CUiMt,22,3KeLzZVQhxaaQw16KwpqpzF3U5Bb1viQM7sBPXVhmewC,1,0,1,2,0.000002,2,0.000002,0,3,0,0,1723869318
BxsZZgUSXWYembPoKRGR1EAysKzfGaZFtaNHjR12ijf2,22,JDnV2k1Rf8cWCVQCYshahSdf2ksNgjZyUDXQPK6DwiBB,1,0,1,2,0.000002,2,0.000002,0,-18613,0,0,1727868728
C7MZSEs4Fop6ieQbgpw1JPJJZwBDMaS8ehQ34xMGw8oD,22,Hh8fgxtSrVXUAGwFqG4fLLwM4cig5syF9oNztfnCNjHP,1,0,1,2,0.000002,2,0.000002,0,-722448,0,0,1732272451
CgiyhWfMXhwTdnaWLoPSrnicuUrjtWGZs6K1t7LjHoyU,22,95xoxaTwP3K4PwC5vRrTCsdsvqc2EJb5LX3k8Gcv1zBD,1,0,1,2,0.000002,2,0.000002,0,-159442,0,0,1725598292
Ch2GQa7oPQH3cpYTC4wbHLVFNVN6P5zoNBVawEpxoKTL,22,9LWP1LTkKJyshyLJH3UjdRwvNC2V3yWu33Fuyr77rT7Y,1,0,1,2,0.000002,2,0.000002,0,-489383412,0,0,1733508621
CJTYwF85opMkUGWDR86okD4Q3DN1dMXXSBBpuz45GCay,22,9RDqKNJebDDuADDuQRUKbTndJfLK9aGhW1riTAS11h1w,1,0,1,2,0.000002,2,0.000002,0,-7650484,0,0,1732394945
CQr3HoUzzyfwWr2po8uMsRgGhFPqZa7Z8LXo3QwkUjF8,22,GmLwFhJhtN3yGpskP121mNdLaEeXNiJD6pTX6nsb4pYc,1,0,1,2,0.000002,2,0.000002,0,-10889800,0,0,1750944319
CTjjpveBUCRAWMjaVKWULtp6yqF4X38oqkzbkVdyeGmT,22,5X3rcNxKgQxhpjfF2RxnacAxMbpXRhLNc7A75yHaCujK,1,0,1,2,0.000002,2,0.000002,0,-1881249,0,0,1726078851
Cxk5oxivrUro1hjUJVLjGRKSiYBAdkjC5XNhSLhhaHyh,22,HuxqdRtnAFHzxEqPtGDa23awDRxXBsJ9NhrSFSFkUQGq,1,0,1,2,0.000002,2,0.000002,0,-23994896,0,0,1732190438
CZYSozY9xgW5cCfUfyWJ2qji1AjWApmaxYKthakMmH8y,22,E1Hr5yhAKq53zuU6izGJ5SREiUHFkRWWZRCY7s6pRcyR,1,0,1,2,0.000002,2,0.000002,0,-3607537,0,0,1732008467
DC2unyWwSdhMCUVkWYonrv7a3JyTvgWLJneZ4uVUswum,22,DP9xABBRgrKRUjPdXpN5PRDvda2rjkGhZsi6wPaU84Sc,1,0,1,2,0.000002,2,0.000002,0,-139375,0,0,1727262133
DjWbX4pLruGtjng7Ub8zo7ZuNiL7Jwz4CYsiuwcHPnPZ,22,DcUtTHKocwBaiYCAKq4LgaWuSxqWgD1yRXVcCxnNhLHz,1,0,1,2,0.000002,2,0.000002,0,-300845,0,0,1754409686
Dooy8CRe47hEqDMyqMBNksNUZujwj719u3oYPx39UEm8,22,DJtoSo22WTHWA4aDTLGcZhjy19iLwwpe4KDXBUfWQbu7,1,0,1,2,0.000002,2,0.000002,0,-8662,0,0,1726161615
DpKXDC1gh9L69bwJ85PzU4zt9DTZRufLNgg2AcZKz6o3,22,DaVNgEJtXFchZBCDYjZAi4HpXS8UrxULe1UvBGCxHZGF,1,0,1,2,0.000002,2,0.000002,0,-31595932,0,0,1731932624
DPznZBrcA3jHB2TMtXQcJhp1eKmoQV1o2kgEJxMT2kwa,22,Hkntnzsza1xrpRGHyY62WpiraaEhG5rabezaygb44joQ,1,0,1,2,0.000002,2,0.000002,0,-411633,0,0,1730454358
DQTsqWddBqUhC7yETUBggzrtQfScoo5ZosMHCH6K3FSG,22,5NB4hqEwSgCEFL8dni6wupeVJB9w5wfM2EeHfzfLpTSc,1,0,1,2,0.000002,2,0.000002,0,-3363354,0,0,1724987873
DRstxH3SY2FQ2rJUHdZKYDLCaXy1XF3nvv17gmgYRqfe,22,C8WXrqsNsm2PQnjysRoi9QgXcowUpzncPscGP5bSs13k,1,0,1,2,0.000002,2,0.000002,0,-116499,0,0,1735321897
DRTrR7Wgrwgir6TX9jRXNA17mhHb5cANzqqtLLoMniZ6,22,B565Z893sfEBgqo5HQNbKLQSwHMW4SvzjtPwmpkwx486,1,0,1,2,0.000002,2,0.000002,0,-929062,0,0,1737019591
DVN7cHfv9nvFaudfU1byrZNhwno7EuwXgKQSJixrYs7f,22,7nVhmi4q6Prj5YPUboXiqUQavtWN5oTN1aHHvACAVZdX,1,0,1,2,0.000002,2,0.000002,0,-529283,0,0,1727671603
E1Adtgr9b6L6c1xaSPBXLnA95f4UsZZQFfp3xC182b47,22,DNqPfEp6QewX5zfLqeH3zfEJMVQbEHZENwDyTdC1puC,1,0,1,2,0.000002,2,0.000002,0,-15523725,0,0,1731463892
E41RYEYpfuqYQypsMYqnYPD5xtV8ZoXEFmZfEYaCV31P,22,Crv9So52WV693v42r6bwEarKyLD652wNvP75bJswmZ4Y,1,0,1,2,0.000002,2,0.000002,0,-15710148,0,0,1732587562
E4XziK7fJvkytwtkPQYuSjqXGAkP1gsmU22wHHq2JaCw,22,31dv464xc9VHMyh51ggN8zjmY5PhbZXoxuB8QtbqPTVG,1,0,1,2,0.000002,2,0.000002,0,-1877772672,0,0,1732009732
EGY8mBYh4hGAH9KJrYLt8pvRcNYpWMRL64tv7AupeDMX,22,4qkjZRjeiJxjjCe1YJMKnyuvmqJ1zRFQaQ6zvsw2Tzme,1,0,1,2,0.000002,2,0.000002,0,-355685,0,0,1730898999
EKV5CQbjm69X3gJd3CWiqGUzSdzGovRRNjiVeh9hBtSH,22,FYkBq7cwyfDXmQ9g4RkHNSweevHY2dTyorw57nE3gUkQ,1,0,1,2,0.000002,2,0.000002,0,-610431,0,0,1728482393
EqVnUxzp9Ugz9hjoLbCgZAt8nRDLhaabzMYJXjTqa81k,22,8Bg4N5yHmh2sgWimBYsLbNbCSUM5MXmhcprdX4yEcAg5,1,0,1,2,0.000002,2,0.000002,0,-4939626,0,0,1726889220
ET9NfoRF9o8SHukjzrSaEQonWsJsEgwBef9aGZbJa5CH,22,8NehZya99DSQEXzvb6asP7sfftLZwfP9iHKnhG5Ge2YR,1,0,1,2,0.000002,2,0.000002,0,-478305,0,0,1732257437
EtZWqqu88Z5Cf31Y8WRTbC9KZYdB3VT4bgQHzqXiJjgr,22,4RmDdDLb8udBNsii8cDYmQuuRGMzwZnPHbM3awyc3tFB,1,0,1,2,0.000002,2,0.000002,0,-42598719,0,0,1727359688
EUxExAzZ7DUBAfU53bv5XG3L3NNWk5vnnV7TmtMzxtrd,22,5PeUV1GzusztkYHk5PioCU8pZiidHVPH4Zj7T3uVD7aq,1,0,1,2,0.000002,2,0.000002,0,-125635501,0,0,1735167369
F2XYrZPvgzHuYMroxsqE1ok475KU5aQHkRgjh2pzjJdo,22,FWWj714dJ7q6tXm7Kg6MxhnJBvNmBUhBhHd4k3LpLexT,1,0,1,2,0.000002,2,0.000002,0,-11805,0,0,1731382170
FJQPQ8gjYYkrcjgnQK5TBNRto7PWfbdZBqZfiNXL9ZJL,22,2eDqVDK8VbhsBQRzWiGzwKhubYWEA5WVTmTmn1a27qVA,1,0,1,2,0.000002,2,0.000002,0,-9598234,0,0,1761127955
Fp2C2dFTa7UFprUEZYsaKQKckLWNUd2HFcLusBDty19p,22,Cv5PfocJq47kpJpxp9P6pcwW9xuL4oRDwhBKMeq6QmYA,1,0,1,2,0.000002,2,0.000002,0,-9117022,0,0,1731793591
FPhguojpaeMBwp1jZM54xKXQpytmt1wE2KUnGBWsT9LC,22,3TcZDYivQUkykQENgCuYomB6XwQ29wr7nSbjXQexT7FC,1,0,1,2,0.000002,2,0.000002,0,-221075719,0,0,1745694286
FVXGipxZXXPBuWS3taKLcWShTrgATEQNp48TN1VCuf4X,22,CEmvXv5KrEVrDyS8bz82cy8xLbi2rxz3NB3mtUVXCtjS,1,0,1,2,0.000002,2,0.000002,0,-4330864,0,0,1727598299
G6m4VpZtyHVVWN2PY67PiGyR7Hs71gpPFo6MiigyhEs5,22,4jaLY3BsxLsiCLZX7AqFgqXFHqHusjHdAtpY9n1tq7um,1,0,1,2,0.000002,2,0.000002,0,-34409982,0,0,1746311803
G6zjfHagwpeoT77gzQ7MyfMWU1VPdJyvJodKZnuiR8SQ,22,HhYE9bAVkPfbTFBKnDGGkgPsrq5wkNQUeW9r2bAauPFE,1,0,1,2,0.000002,2,0.000002,0,-108730010,0,0,1748274690
Gay8sRAi9zQkxaq3BRXtYUbEkMZywLBWsDrQi3RC2yt5,22,9XgxSAgYsaCCpGzKxKYciNqkmGTaVUd4NiZmU4JLNoKo,1,0,1,2,0.000002,2,0.000002,0,-135272,0,0,1732217240
GBWNjEw54hrsaYfAa6dWh4PaovhyeyrdB2mthQWUUJV5,22,AYjjKQ1cYm6R5AJwMXVxC5L5VXSWcqeTTHzn9YK2pE9Y,1,0,1,2,0.000002,2,0.000002,0,-349217740,0,0,1735032393
GDcf5FfRa2zP5TbT8hBGZ7PpF6LNZBjTtm8NkqrWNtuj,22,85XHBKBKMHVsPf6C8YQsbNmuKyyVNLJB4taFrRCfauo6,1,0,1,2,0.000002,2,0.000002,0,-61571819,0,0,1739986470
GGGq9jejrQHThnmWzZ9PP1hcAwBDawYkbaUv9BMvSmbq,22,EdhggMu9Ag4e6fsFFqNqjoYUWkvxSfZsJ9vqyBu9HJvz,1,0,1,2,0.000002,2,0.000002,0,-109097317,0,0,1729471117
GHpW1dJCtZUSbFbz2uwXrcLXpyHnj4e2B2sz59Xnu7yN,22,8AJowgcDxQvWBjpnN43mcTSWY1yBRuSM7gfFdNjECrbh,1,0,1,2,0.000002,2,0.000002,0,-52560612,0,0,1726638182
GJpAENvGdnTL77TTCPmvc2bPLkezMLHsLMG9qVp4zcz,22,AoAeiddWHzRHfrksvUUj1FeoQm9AN71mxzpth1Ys4WSK,1,0,1,2,0.000002,2,0.000002,0,-777859,0,0,1734189445
Gkuq1y577jyJTEceU7iUXDFwFUv8mqtBEYtdh3urgstD,22,CK6JWW9KNTXBWESBMZRkDceCWrs9hhxRu64LMopb3jZK,1,0,1,2,0.000002,2,0.000002,0,-173464227,0,0,1741679732
GL42vVy7ujPpXqKrSo4YCt2tpcTgwZcMHs7UVbTpsvCK,22,4EotLs3Hom3RrQ5AtEECYD8chNkJXMmMeyfeezBwGqLQ,1,0,1,2,0.000002,2,0.000002,0,-60504,0,0,1770288032
GLLdR16qcJVXdRoN3izqzuU5qapeXfH8FPsTV5GB22ay,22,AvNgpWZeB7TgdPxhAfexynXLWmW9v9Jmu13J47uNTb13,1,0,1,2,0.000002,2,0.000002,0,-29602,0,0,1728200554
GQGn3333iub4RSuhkhg51MPwmhf3yPwcyF6nE2MxK9KW,22,A5u6mDkvMadJHJmaaXau5pGPGtadktmrLqBWr5CSRt3,1,0,1,2,0.000002,2,0.000002,0,-109849363,0,0,1756947661
GUFDmTK4BandNbqiDsvPgLqT1HMXZqtY1sHaUARLq7XF,22,EhWW55BVjYwBLwv64jwyz6mKuRkrzfm9ELNFX5NSQctr,1,0,1,2,0.000002,2,0.000002,0,-7156501,0,0,1732175439
H35i16pUHVYXE45upSMMRvrsktU98PjKdcvZu37H1faQ,22,J8xoSGKysMzn7i3GsNALs8AUwtum5QUNC8psyBUKvR7x,1,0,1,2,0.000002,2,0.000002,0,-30199489,0,0,1725864085
H5CPDZ59DAh2x6zFWRVzTQH2HfwEL1b4UHN6wph9npwW,22,5stRz1ikUKHPSscBdjK1ikKaMSmiCE1SZ1sfCeLTP8mx,1,0,1,2,0.000002,2,0.000002,0,-1133125,0,0,1726238743
H5XQifLswH84sAhiQjoSWdS2qYkKo3CdwmnVFPf6zArk,22,GM7EvfViWRiKk46m4PvkjdtCbBPJN784KDaZzeuSygEU,1,0,1,2,0.000002,2,0.000002,0,-287307844,0,0,1738166648
H5XWcwGcg7ikQ1BwFhSyA6ArWg46ZFht4rNFdtjsYiFH,22,2Y6LWRKciUCGHWJ9uARGu7pgRHTmYERKPJRXaBGUCUqD,1,0,1,2,0.000002,2,0.000002,0,-4189691,0,0,1727755583
H9hv5W3M2yXwdfHFEk13enudnuiPCeYdbCAva8WGs4wF,22,H51xmZQK7y8MJXdqTEQyBnBVwY7YZHjFJ9uX2ZSVgT16,1,0,1,2,0.000002,2,0.000002,0,-28343851,0,0,1738005349
HAzWB9uik5fUmA6c9ErcMnSrHDDFuR7L7YTHNf2nAqNu,22,61r8zG1Wkj3rGB8zNaVT1aP29MFRFzapnSLfoypDLKNw,1,0,1,2,0.000002,2,0.000002,0,-2596883,0,0,1750315738
HDbHVSsQPLNpJEBbxjwop1w4M1bzziExnntMJa8pyV34,22,9hUB1qfZ5xPM5FVutjzexgkAJwB7JdCXaTrKEARkikjG,1,0,1,2,0.000002,2,0.000002,0,-723164,0,0,1727191341
HeseKQnDcTVcwJjJWRvf3ya9KgpZVLzmtsL9oVYLUL3D,22,52Cb9qjpEveb7skmEj4n12HnXuY3i7TctbPEMj8ZvJUq,1,0,1,2,0.000002,2,0.000002,0,-101497,0,0,1726944774
HGrjJ2oWDTEUV1Nc76PC9JSczZVPRigWTaYEnvdiY9tQ,22,4hpmN4Aj886FU548SjsMeKNSCGkMU1TbfKDSLbaEZSJD,1,0,1,2,0.000002,2,0.000002,0,-1816276,0,0,1731960944
HKJxfiT5y6FBn7snvfnjwrSE4HVbKUcuhMk1RvmNFphB,22,8mPiiun9xyLG3JhMREd8xFCdYY5NLp3dPKpddaxnnXr1,1,0,1,2,0.000002,2,0.000002,0,-2340392,0,0,1727538081
HLrWQCbdiog28iWEqpywgABuHURtQoBN9XgwVmaKnNBn,22,4ZV5CANvdcvHvSeM3EvZHUtPpzgvtVsnd2YTTHqGFzyr,1,0,1,2,0.000002,2,0.000002,0,-4708811,0,0,1724296577
HNJ1jM9AtTMwauNsyHViCcDDaGzie51sPHK1sAdvUtWH,22,HwtUPoEdhEDrZqMSLRhS4y5rtk7iiLzsm27o1THPgY2M,1,0,1,2,0.000002,2,0.000002,0,-1461725,0,0,1758269160
hoasWU85kdGGjvJGEActLk1pLvFkVdRiEY7JqjfYxx7,22,5jHDWV6oWEhbLSgGxEa6RahoYjnDh9oc6N75LURSBkv6,1,0,1,2,0.000002,2,0.000002,0,-988292,0,0,1731942024
HsXN5Aw663Qa8LkYNvp6GLjjHqWhd4UH89MS3m3nY4Y7,22,A5dyYzUifQFuNrWL693nT4S5QW4BLJvd9VLUjvweDnVY,1,0,1,2,0.000002,2,0.000002,0,-23625081,0,0,1729652115
HX5N2qzsj7jx6ZHHhjJudXcybXVJm5NFR9csHuqEfC97,22,6huz39MegXgderGpM7HxdRuuGuW5f3wUKJaaSztGhd7a,1,0,1,2,0.000002,2,0.000002,0,-650210,0,0,1727583963
HXbwfgcBRYGw4YM6absyc7ZjbGiniH43MV8JEP9rKk8L,22,4sj7PfLZN4sMkJTKoTkSphUSETC5UiZjffuarhVjB1hQ,1,0,1,2,0.000002,2,0.000002,0,-15074760,0,0,1726773562
J5qQkzVQqYcibwRanfhcL1X6ff13NudeKpgzsdKRNBDN,22,Gy3FU78ejWDvLzEPzdp81ZUbmer6tMzXXaAUCqFtQ5Ed,1,0,1,2,0.000002,2,0.000002,0,-347973,0,0,1727682609
J6oZy4oVtbVMs9fXcVDZ5Y4zinZSxBbyJ47XGnspV5RW,22,8ovt5gau6YjNfotkrKypM1k7qnHG755GNRMmxXX4epEE,1,0,1,2,0.000002,2,0.000002,0,-122295,0,0,1738891962
JBC9dCXCbapwzwUTyET4zU7j36yhZzxcZh4hanbhmJ6v,22,AaTqaQdiwGAgjZby9Y4gvj6xqqw69UnwpHHBy1aBPe9m,1,0,1,2,0.000002,2,0.000002,0,-10180095,0,0,1742327760
JCbVe5rMkVdd4vfSgbz38RbCGakRDhy72tgYrJPzVXyS,22,7VPfJfb42Z7CqZE7o5Si2zRjmHpFU6eCjCL1uFRhiizE,1,0,1,2,0.000002,2,0.000002,0,-51757345,0,0,1734316699
K5Rbnvi1oDbiDnNaFA3XguM3kFkdWCvCG1N4VEH6bZU,22,BZBF56MCiWygg1Ur2EQ43LADjPyHjvTkok3YDURRFScy,1,0,1,2,0.000002,2,0.000002,0,-3033219,0,0,1726799839
KDsmpKeXrXDjg9b3Q24BzeAQPoN8mxrC65LkbhirdSw,22,6SpocNM8zUpLiuCYexmhufh83h7R9EaBs1eY6EpXmPk4,1,0,1,2,0.000002,2,0.000002,0,-140804736,0,0,1727982309
L7DPdiiDJTqcwqdHycvHzM9KyPh2gW1wfsZYXiyxTQZ,22,CukRTFqWwQJRr81Wia2P5Bmk9WPxHxppsAtiLT42MyyD,1,0,1,2,0.000002,2,0.000002,0,3,0,0,1729234404
LvLMDGmC9dRxjo5oFQftfrTBHh71CgCTveWHRUHKvVe,22,JDgYqTr6qLTW5qF4dAbJ8rgM7PqUMidUqhLMA8BxaZcQ,1,0,1,2,0.000002,2,0.000002,0,-668619,0,0,1727600963
M5ymEjTVJWGUJekwa5hLXkfA93eTZjdZbvrVbmBMVs8,22,BWkTknEzw166qvniwQawA4oNS5PN4BuhCjttWAKWED9U,1,0,1,2,0.000002,2,0.000002,0,-53084946,0,0,1741201206
p2c5quJr29VHYbHoQWzr8UhJnPsHqDq2pFjjtpjZZ75,22,Gymhzk8qhRrdkgVyv5zRZtAe9K4o7y71X4kvykX5Mytj,1,0,1,2,0.000002,2,0.000002,0,-8982413,0,0,1727358066
QHtCwvzs4pDF3ShMAv4WSaF2BVRgHavUae7LjrKPDJS,22,15FuZ5pDfHJqUYJiHTpCrFL2piEyPBbQWnj4PCLmHp4,1,0,1,2,0.000002,2,0.000002,0,-57274779,0,0,1737114394
rrocgNUqcN6BKNcaoo8ffBhHfwKn2apU8dPucjxQfMS,22,HCui3iC3um3RKaEkJhrZCWZMdSNaDEy2VxK76ogXg6mE,1,0,1,2,0.000002,2,0.000002,0,-1948734,0,0,1726414059
S9zDhtnsvPrVFezQbQ9Zbue3UaJ55aWWaWVP5RcPMw5,22,7HSCZ9QybPd3Dr75dx2iW4kaxdSiw1PfYMbRodXdTxRV,1,0,1,2,0.000002,2,0.000002,0,-44686,0,0,1731808712
Ws9ornf85JkfmiH6hGMZoHP7eG3ZzcFFJVzRYbMa7wn,22,TxU2o869LBuNBSsNjuRC9953gWhcTc3i44GJQ8HALXu,1,0,1,2,0.000002,2,0.000002,0,-131658385,0,0,1751979619
xUTR1DPGc388WijUbLaSLuXbj6V71APqubiW445JWMz,22,GYUp2uZvJbxiN1fNcc11RDXmohHK6fXqNJaTNTY9tefo,1,0,1,2,0.000002,2,0.000002,0,-143966473,0,0,1732370445
YyA3VBt4hcdJJqcZpwYT2Tx1haHMTpxuWz3aZPFxQTB,22,2LabbpcdoShicrvX9snBNJg66r6B9TwXoa3Wj4YU2LZZ,1,0,1,2,0.000002,2,0.000002,0,-381344,0,0,1726722401
